Skin Color,Headwear,Mask,Hair,Outfit,Back,Eyes,Mouth,Accessories
Light Pale,Hero Band,Spirit Fox Mask,Ethereal Spikes,Spirit Warrior Armor,Spirit Katana,Spirit Eyes,Calm,Spirit Earring
Fair Ivory,Spirit Hood,Cursed Soul Mask,Luminous Flow,Celestial Mage Robe,Ether Wings,Ethereal Iris,Angry,Arcane Pendant
Porcelain White,Celestial Halo,Shadow Oni Mask,Celestial Ponytail,Tech Samurai Gear,Celestial Scroll,Crimson Flame Eyes,Determined,Crystal Bracelet
Warm Beige,Techno Crown,Glowing Visor,Solar Fade,Hero Academy Uniform,Shadow Blade,Celestial Vision,Smirking,Soul Chain
Golden Honey,Mystic Cap,Phantom Veil,Moonlight Strands,Demon Hunter Cloak,Spirit Banner,Void Glare,Focused,Energy Ring
Olive Tan,Battle Headband,Ghost Samurai Mask,Electric Flare,Spirit Monk Garb,Dragon Relic,Spark Circuit Eyes,Heroic Shout,Spirit Band
Bronze Glow,Dragon Horns,Spirit Glass,Crimson Waves,Galactic Soldier Suit,Soul Reactor,Solar Flare Eyes,Battle Cry,Phoenix Charm
Deep Mocha,Phantom Veil,Bone Shade Mask,Frost Locks,Astral Guardian Coat,Arcane Orb,Abyssal Gaze,Whispering Chant,Aether Medal
Ash Gray,Arcane Laurel,Cyber Soul Mask,Gravity Flow,Runebound Vest,Energy Core Pack,Frozen Soul Eyes,Serene Smile,Celestial Brooch
Shadow Purple,Star Guardian Tiara,Mystic Breath Mask,Dusk Curl,Shadow Hunter Outfit,Mythic Wings,Shadow Vein Eyes,Spirit Mark,Mystic Bandage
Crimson Glow,Wind Warrior Hood,Silent Warrior Mask,Spirit Braids,Arcane Apprentice Robe,Wraith Lantern,Spirit Light Eyes,Calm Focus,Heroic Scarf
Frost White,Spirit Ember Crown,Spirit Bandage Mask,Heroic Wind,Mystic Battle Kimono,Spirit Chains,Hologram Vision,Silent Breath,Wraith Armband
Phantom Blue,Crimson Ronin Hat,Crimson Shard Mask,Wild Ronin Cut,Spiritweaver Cloak,Storm Dagger,Dream Glow Eyes,Aura Leak,Holo Amulet
Emerald Tint,Plasma Helm,Aura Plate,Starshine Layers,Wraithborn Armor,Crystal Tome,Arcane Iris,Cursed Seal,Spirit Emblem
Neon Pink,Monk Wrap,Rune Veil Mask,Vortex Mohawk,Soulbinder Outfit,Cyber Jetpack,Soulfire Eyes,Muffled Whisper,Elemental Bracelet
Cyber Silver,Frost Guard Helm,Iron Phantom Mask,Arcane Trim,Dragonblood Coat,Spirit Relic,Neon Spark Eyes,Neutral Grit,Dragon Tooth Necklace
Moonlight Lavender,Dusk Knight Mask,Soulweaver Mask,Sonic Spikes,Cyber Monastic Gear,Plasma Sword,Lunar Mist Eyes,Cheerful Laugh,Cyber Halo
Sunset Orange,Vortex Turban,Celestial Guard Visor,Ocean Sweep,Rune Knight Armor,Mystic Shard,Prismatic Glare,Spirit Shout,Luminous Ring
Galactic Cyan,Crystal Diadem,Spirit Chain Mask,Shadowfall Fade,Phoenix Robe,Phoenix Wings,Cosmic Pulse Eyes,Stoic Line,Magic Talisman
Carbon Black,Sunfire Cap,Lunar Fox Mask,Infernal Streak,Stormblade Uniform,Astral Jet Core,Radiant Core Eyes,Arcane Chant,Spirit Orb
Sandstone Brown,Shadow Veil Hood,Astral Shadow Mask,Ashen Waves,Solar Crusader Armor,Dream Sigil,Stormlight Eyes,Spirit Growl,Celestial Coin
Ghostly Translucent,Solar Tiara,Glitch Veil,Cyber Cut,Night Wanderer Outfit,Soul Tome,Frost Aura Eyes,Peaceful Exhale,Energy Bead Chain
Spectrum Gradient,Spirit Crown,Wraith Bone Mask,Spiritbound Flow,Infernal Legion Gear,Void Engine,Aether Glint Eyes,Energy Scream,Void Pendant
Iridescent Glimmer,Battle Ribbon,Storm Oni Mask,Wisp Locks,Frost Guardian Suit,Energy Crystals,Cyber Iris,Glowing Grin,Dreamcatcher
Holographic Chrome,Mythic Commander Visor,Sacred Cloth Mask,Prismatic Tangle,Vortex Monk Robe,Spirit Drone,Spiritwave Eyes,Spirit Seal,Spirit Sigil
Spirit Glow,Lunar Laurel,Eclipse Breath Mask,Void Bob,Aetherlight Kimono,Elemental Capsule,Cinder Eyes,Luminous Breath,Frost Rune Necklace
Luminous Pearl,Energy Halo,Cinder Plate Mask,Coral Flow,Void Captain Armor,Holo Blades,Dreamfire Eyes,Calm Anger,Solar Pin
Celestial Tone,Wanderer Hat,Aurora Mirror Mask,Obsidian Layers,Dusk Samurai Garb,Celestial Pack,Ashen Flame Eyes,Faint Smile,Shadow Crest
Abyssal Shadow,Warrior Tiara,Vortex Shard Mask,Dream Braids,Spirit Blossom Uniform,Neon Relic,Solar Spectrum Eyes,Power Shout,Spirit Relic Badge
Ether Mist,Mecha Band,Ash Guardian Mask,Heavenlight Waves,Crystal Enforcer Suit,Frost Sigil,Rune Vision,Gentle Whisper,Arcane Gauntlet
Blazing Ember,Infernal Crest,,Solar Wind Style,Eclipse Wanderer Cloak,Spirit Scroll,Emberlight Eyes,,Spirit Crown Pin
Radiant Quartz,Silent Monk Band,,Violet Ember Hair,Celestial Commander Outfit,,Etherflame Eyes,,Crimson Seal Necklace
Azure Soul,Dune Nomad Hood,,Crystal Cascade,Cyber Mystic Coat,,,,Crystal Ring
Obsidian Veil,Spectral Wreath,,Aether Weave,,,,,
Mythic Jade,Dream Weaver Band,,,,,,,
Crystalline Rose,,,,,,,,
